Unnamed: 0,Molecule ChEMBL ID,Molecular Weight,Smiles,Standard Type,Standard Relation,Standard Value,Standard Units,Emax Value,Label,Index
0,CHEMBL1077168,405.49,COc1cccc(OCCNCC2COC(c3ccccc3)(c3ccccc3)O2)c1,Emax,'=',14.0,%,14.0,0,0
1,CHEMBL1078772,451.57,c1ccc(-c2ccccc2OCCNCC2COC(c3ccccc3)(c3ccccc3)O2)cc1,Emax,'=',73.0,%,73.0,1,1
2,CHEMBL1078773,433.55,CC(C)Oc1ccccc1OCCNCC1COC(c2ccccc2)(c2ccccc2)O1,Emax,'=',25.0,%,25.0,0,2
3,CHEMBL1078953,419.52,CCOc1ccccc1OCCNCC1COC(c2ccccc2)(c2ccccc2)O1,Emax,'=',36.0,%,36.0,0,3
4,CHEMBL1082862,405.49,COc1ccccc1OCCNCC1COC(c2ccccc2)(c2ccccc2)O1,Emax,'=',32.0,%,32.0,0,4
5,CHEMBL1083181,375.47,c1ccc(OCCNCC2COC(c3ccccc3)(c3ccccc3)O2)cc1,Emax,'=',24.0,%,24.0,0,5
6,CHEMBL1083182,421.56,COc1ccccc1OCCNCC1CSC(c2ccccc2)(c2ccccc2)O1,Emax,'=',76.0,%,76.0,1,6
7,CHEMBL1086156,437.63,COc1ccccc1OCCNCC1CSC(c2ccccc2)(c2ccccc2)S1,Emax,'=',20.0,%,20.0,0,7
8,CHEMBL1088072,403.52,COc1ccccc1CCCNCC1COC(c2ccccc2)(c2ccccc2)O1,Emax,'=',14.0,%,14.0,0,8
9,CHEMBL1241557,533.67,COc1ccccc1N1CCN(C[C@@H]2CO[C@@](CN3C(=O)CC4(CCCC4)CC3=O)(c3ccccc3)O2)CC1,Emax,'=',60.0,%,60.0,1,9
10,CHEMBL1242352,430.55,COc1ccccc1N1CCN(CC2OCC(c3ccccc3)(c3ccccc3)O2)CC1,Emax,'=',16.0,%,16.0,0,10
11,CHEMBL1242445,451.57,COc1ccccc1N1CCN(C[C@@H]2CO[C@](CN3CCCC3=O)(c3ccccc3)O2)CC1,Emax,'=',34.0,%,34.0,0,11
12,CHEMBL1242633,479.62,COc1ccccc1N1CCN(C[C@@H]2CO[C@@](CN3CCCCCC3=O)(c3ccccc3)O2)CC1,Emax,'=',39.0,%,39.0,0,12
13,CHEMBL1242724,465.55,COc1ccccc1N1CCN(C[C@H]2CO[C@@](CN3C(=O)CCC3=O)(c3ccccc3)O2)CC1,Emax,'=',45.0,%,45.0,0,13
14,CHEMBL1242818,479.58,COc1ccccc1N1CCN(C[C@H]2CO[C@@](CN3C(=O)CCCC3=O)(c3ccccc3)O2)CC1,Emax,'=',34.0,%,34.0,0,14
15,CHEMBL1242912,533.67,COc1ccccc1N1CCN(C[C@H]2CO[C@@](CN3C(=O)CC4(CCCC4)CC3=O)(c3ccccc3)O2)CC1,Emax,'=',49.0,%,49.0,0,15
16,CHEMBL1255610,456.38,COc1c(C(=O)N2CCC(F)(CNCc3ccc(C)cn3)CC2)csc1Br,Emax,'=',95.0,%,95.0,1,16
17,CHEMBL1258996,415.55,Cc1ccc(CNCC2(F)CCN(C(=O)C34CC5CC(CC(O)(C5)C3)C4)CC2)nc1,Emax,'=',90.0,%,90.0,1,17
18,CHEMBL1258999,381.45,Cc1ccc(CNCC2(F)CCN(C(=O)c3coc4ccccc34)CC2)nc1,Emax,'=',101.0,%,101.0,1,18
19,CHEMBL1259016,381.45,Cc1ccc(CNCC2(F)CCN(C(=O)c3cc4ccccc4o3)CC2)nc1,Emax,'=',87.0,%,87.0,1,19
20,CHEMBL1259017,381.45,Cc1ccc(CNCC2(F)CCN(C(=O)c3cnn4ccccc34)CC2)nc1,Emax,'=',96.0,%,96.0,1,20
21,CHEMBL1259032,347.46,Cc1ccc(CNCC2(F)CCN(C(=O)c3cccs3)CC2)nc1,Emax,'=',91.0,%,91.0,1,21
22,CHEMBL1259033,347.46,Cc1ccc(CNCC2(F)CCN(C(=O)c3ccsc3)CC2)nc1,Emax,'=',95.0,%,95.0,1,22
23,CHEMBL1259034,331.39,Cc1ccc(CNCC2(F)CCN(C(=O)c3ccco3)CC2)nc1,Emax,'=',81.0,%,81.0,1,23
24,CHEMBL1259035,381.46,Cc1ccc(CNCC2(F)CCN(C(=O)c3cc4ccccn4n3)CC2)nc1,Emax,'=',80.0,%,80.0,1,24
25,CHEMBL1259036,493.05,Cc1ccc(CNCC2(F)CCN(C(=O)c3cc4ccccc4[te]3)CC2)nc1,Emax,'=',46.0,%,46.0,0,25
26,CHEMBL1259051,331.39,Cc1ccc(CNCC2(F)CCN(C(=O)c3ccoc3)CC2)nc1,Emax,'=',99.0,%,99.0,1,26
27,CHEMBL1259055,380.47,Cc1ccc(CNCC2(F)CCN(C(=O)c3ccc4[nH]ccc4c3)CC2)nc1,Emax,'=',94.0,%,94.0,1,27
28,CHEMBL1259071,426.36,Cc1ccc(CNCC2(F)CCN(C(=O)c3cc(Br)cs3)CC2)nc1,Emax,'=',116.0,%,116.0,1,28
29,CHEMBL1259072,426.36,Cc1ccc(CNCC2(F)CCN(C(=O)c3ccc(Br)s3)CC2)nc1,Emax,'=',95.0,%,95.0,1,29
30,CHEMBL1259087,426.36,Cc1ccc(CNCC2(F)CCN(C(=O)c3sccc3Br)CC2)nc1,Emax,'=',104.0,%,104.0,1,30
31,CHEMBL1259089,401.55,Cc1ccc(CNCC2(F)CCN(C(=O)c3scc4c3CCCC4)CC2)nc1,Emax,'=',104.0,%,104.0,1,31
32,CHEMBL1259090,484.39,Cc1ccc(CNCC2(F)CCN(C(=O)c3sc(Br)c4c3OCCO4)CC2)nc1,Emax,'=',102.0,%,102.0,1,32
33,CHEMBL1259107,361.49,Cc1ccc(CNCC2(F)CCN(C(=O)c3cc(C)cs3)CC2)nc1,Emax,'=',101.0,%,101.0,1,33
34,CHEMBL1259108,403.55,Cc1ccc(CNCC2(F)CCN(C(=O)c3cc4sccc4s3)CC2)nc1,Emax,'=',100.0,%,100.0,1,34
35,CHEMBL1259109,403.55,Cc1ccc(CNCC2(F)CCN(C(=O)c3cc4ccsc4s3)CC2)nc1,Emax,'=',103.0,%,103.0,1,35
36,CHEMBL1259121,361.49,Cc1ccc(CNCC2(F)CCN(C(=O)c3ccc(C)s3)CC2)nc1,Emax,'=',104.0,%,104.0,1,36
37,CHEMBL1259122,361.49,Cc1ccc(CNCC2(F)CCN(C(=O)c3sccc3C)CC2)nc1,Emax,'=',96.0,%,96.0,1,37
38,CHEMBL1259123,437.99,Cc1ccc(CNCC2(F)CCN(C(=O)c3sc4sccc4c3Cl)CC2)nc1,Emax,'=',97.0,%,97.0,1,38
39,CHEMBL1259124,407.89,Cc1ccc(CN(C)CC2(F)CCN(C(=O)c3ccc(F)c(Cl)c3)CC2)nc1,Emax,'=',77.0,%,77.0,1,39
40,CHEMBL1259138,381.9,Cc1ccc(CNCC2(F)CCN(C(=O)c3ccc(Cl)s3)CC2)nc1,Emax,'=',101.0,%,101.0,1,40
41,CHEMBL1259139,381.9,Cc1ccc(CNCC2(F)CCN(C(=O)c3sccc3Cl)CC2)nc1,Emax,'=',99.0,%,99.0,1,41
42,CHEMBL1259151,341.43,Cc1ccc(CNCC2(F)CCN(C(=O)c3ccccc3)CC2)nc1,Emax,'=',96.0,%,96.0,1,42
43,CHEMBL1259153,393.55,CSc1ccc(C(=O)N2CCC(F)(CNCc3ccc(C)cn3)CC2)s1,Emax,'=',91.0,%,91.0,1,43
44,CHEMBL1259155,391.87,Cc1ccc(CNCC2(O)CCN(C(=O)c3ccc(F)c(Cl)c3)CC2)nc1,Emax,'=',109.0,%,109.0,1,44
45,CHEMBL1259165,377.49,COc1cscc1C(=O)N1CCC(F)(CNCc2ccc(C)cn2)CC1,Emax,'=',93.0,%,93.0,1,45
46,CHEMBL1259181,391.49,Cc1ccc(CNCC2(F)CCN(C(=O)c3ccc4ccccc4c3)CC2)nc1,Emax,'=',110.0,%,110.0,1,46
47,CHEMBL1259184,371.51,Cc1ccc(CNCC2(O)CC3CCC(C2)N3C(=O)c2ccsc2)nc1,Emax,'=',101.0,%,101.0,1,47
48,CHEMBL1259198,411.93,COc1c(C(=O)N2CCC(F)(CNCc3ccc(C)cn3)CC2)csc1Cl,Emax,'=',102.0,%,102.0,1,48
49,CHEMBL1259200,417.91,Cc1ccc(CNCC2(O)CC3CCC(C2)N3C(=O)c2ccc(F)c(Cl)c2)nc1,Emax,'=',121.0,%,121.0,1,49
50,CHEMBL1259209,399.55,Cc1ccc(CNCC2(F)CCN(C(=O)C34CC5CC(CC(C5)C3)C4)CC2)nc1,Emax,'=',98.0,%,98.0,1,50
51,CHEMBL1259210,387.54,Cc1ccc(CNCC2(F)CCN(C(=O)C34CCCC(CCC3)C4)CC2)nc1,Emax,'=',96.0,%,96.0,1,51
52,CHEMBL1259223,385.53,Cc1ccc(CNCC2(F)CCN(C(=O)C34CC5CC(CC3C5)C4)CC2)nc1,Emax,'=',96.0,%,96.0,1,52
53,CHEMBL1259224,434.0,Cc1ccc(CNCC2(F)CCN(C(=O)C34CC5CC(CC(Cl)(C5)C3)C4)CC2)nc1,Emax,'=',91.0,%,91.0,1,53
54,CHEMBL1259241,397.52,Cc1ccc(CNCC2(F)CCN(C(=O)c3csc4ccccc34)CC2)nc1,Emax,'=',124.0,%,124.0,1,54
55,CHEMBL1259242,397.52,Cc1ccc(CNCC2(F)CCN(C(=O)c3cc4ccccc4s3)CC2)nc1,Emax,'=',116.0,%,116.0,1,55
56,CHEMBL126396,464.63,COc1cccc2sc([C@@H]3CCN(C[C@H](O)COc4cccc5[nH]c(C)cc45)[C@H](C)C3)cc12,Emax,'=',1.8,%,1.8,0,56
57,CHEMBL1276140,230.31,C=CCc1ccccc1O[C@@H](C)C1=NCCN1,Emax,'=',96.0,%,96.0,1,57
58,CHEMBL1276218,230.31,CC(Oc1ccccc1C1CC1)C1=NCCN1,Emax,'=',92.0,%,92.0,1,58
59,CHEMBL1276220,230.31,C[C@H](Oc1ccccc1C1CC1)C1=NCCN1,Emax,'=',102.0,%,102.0,1,59
60,CHEMBL1277007,446.6,Cc1cc(N2CCN(CCCCc3nc4c(c(=O)n3N)CCCC4)CC2)nc2ccccc12,Emax,'=',93.5,%,93.5,1,60
61,CHEMBL1277281,450.61,Nn1c(SCCCN2CCN(c3ccc4ccccc4n3)CC2)nc2c(c1=O)CCCC2,Emax,'=',90.3,%,90.3,1,61
62,CHEMBL1277558,549.73,CC(=O)N1CCc2c(sc3nc(SCCCN4CCN(c5ccc6ccccc6n5)CC4)n(N)c(=O)c23)C1,Emax,'=',84.8,%,84.8,1,62
63,CHEMBL1277651,428.54,Nn1c(CCCCN2CCN(c3ccc4ccccc4n3)CC2)nc2ccccc2c1=O,Emax,'=',94.7,%,94.7,1,63
64,CHEMBL1278088,432.57,Nn1c(CCCCN2CCN(c3ccc4ccccc4n3)CC2)nc2c(c1=O)CCCC2,Emax,'=',99.8,%,99.8,1,64
65,CHEMBL128866,494.66,COc1cc(OC)c2cc([C@@H]3CCN(C[C@H](O)COc4cccc5[nH]c(C)cc45)[C@@H](C)C3)sc2c1,Emax,'=',7.62,%,7.62,0,65
66,CHEMBL129053,464.63,COc1cccc2sc([C@@H]3CCN(C[C@H](O)COc4cccc5[nH]c(C)cc45)[C@@H](C)C3)cc12,Emax,'=',3.88,%,3.88,0,66
67,CHEMBL129082,452.6,Cc1cc2c(OC[C@@H](O)CN3CC[C@@H](c4cc5c(F)cccc5s4)C[C@@H]3C)cccc2[nH]1,Emax,'=',3.15,%,3.15,0,67
68,CHEMBL129233,476.64,COc1cccc2sc([C@H]3C[C@H]4CC[C@@H](C3)N4C[C@H](O)COc3cccc4[nH]c(C)cc34)cc12,Emax,'=',7.92,%,7.92,0,68
69,CHEMBL129238,452.6,Cc1cc2c(OC[C@@H](O)CN3CC[C@@H](c4cc5cc(F)ccc5s4)C[C@@H]3C)cccc2[nH]1,Emax,'=',9.05,%,9.05,0,69
70,CHEMBL129433,493.63,COc1cccc2sc([C@@H]3CCN(C[C@H](O)COc4cccc5[nH]c(C(N)=O)cc45)[C@@H](C)C3)cc12,Emax,'=',12.75,%,12.75,0,70
71,CHEMBL129453,476.64,COc1cccc2sc([C@@H]3C[C@H]4CC[C@@H](C3)N4C[C@H](O)COc3cccc4[nH]c(C)cc34)cc12,Emax,'=',2.98,%,2.98,0,71
72,CHEMBL129650,465.62,COc1cccc2sc([C@@H]3CCN(C[C@H](O)COc4cccc5oc(C)cc45)[C@@H](C)C3)cc12,Emax,'=',8.76,%,8.76,0,72
73,CHEMBL129682,505.64,COc1cccc2sc([C@@H]3C[C@H]4CC[C@@H](C3)N4C[C@H](O)COc3cccc4[nH]c(C(N)=O)cc34)cc12,Emax,'=',11.26,%,11.26,0,73
74,CHEMBL131370,448.63,Cc1cc2c(OC[C@@H](O)CN3CC[C@@H](c4cc5c(C)cccc5s4)C[C@@H]3C)cccc2[nH]1,Emax,'=',6.32,%,6.32,0,74
75,CHEMBL138109,336.44,COc1cccc2c(CCCNCCOc3ccccn3)cccc12,Emax,'=',48.0,%,48.0,0,75
76,CHEMBL1457510,325.36,COc1c(O)ccc2c1CN1CCc3cc4c(cc3[C@@H]1C2)OCO4,Emax,'=',80.7,%,80.7,1,76
77,CHEMBL146751,431.53,COc1cccc2c1O[C@@H](CN1[C@@H]3CC[C@H]1C[C@](O)(c1ccc4ccccc4c1)C3)CO2,Emax,'=',0.0,%,0.0,0,77
78,CHEMBL148860,437.56,COc1cccc2c1O[C@@H](CN1[C@@H]3CC[C@H]1C[C@](O)(c1csc4ccccc14)C3)CO2,Emax,'=',0.0,%,0.0,0,78
79,CHEMBL151266,381.47,COc1cccc2c1O[C@@H](CN1[C@@H]3CC[C@H]1C[C@](O)(c1ccccc1)C3)CO2,Emax,'=',0.0,%,0.0,0,79
80,CHEMBL178267,416.54,Fc1ccc2[nH]cc([C@H]3CC[C@H](N4CCN(c5cccc6[nH]ccc56)CC4)CC3)c2c1,Emax,'=',43.0,%,43.0,0,80
81,CHEMBL178304,410.49,Fc1ccc2[nH]cc([C@H]3CC[C@@H](NCCOc4cccc5c4OCCO5)CC3)c2c1,Emax,'=',27.0,%,27.0,0,81
82,CHEMBL178467,391.49,Fc1ccc2[nH]cc([C@H]3CC[C@@H](NCCOc4cccc5[nH]ccc45)CC3)c2c1,Emax,'=',7.0,%,7.0,0,82
83,CHEMBL178650,321.46,c1ccc(CC2CCN(CC3CCc4ccccc4O3)CC2)cc1,Emax,'=',61.9,%,61.9,1,83
84,CHEMBL178700,323.44,c1ccc(CC2CCN(CC3COc4ccccc4O3)CC2)cc1,Emax,'=',41.7,%,41.7,0,84
85,CHEMBL179648,322.45,c1ccc(CN2CCN(CC3CCc4ccccc4O3)CC2)cc1,Emax,'=',41.0,%,41.0,0,85
86,CHEMBL180817,382.48,COc1ccccc1OCCN[C@H]1CC[C@@H](c2c[nH]c3ccc(F)cc32)CC1,Emax,'=',22.0,%,22.0,0,86
87,CHEMBL181506,407.53,COc1ccccc1N1CCN([C@H]2CC[C@H](c3c[nH]c4ccc(F)cc43)CC2)CC1,Emax,'=',29.0,%,29.0,0,87
88,CHEMBL181680,380.46,Fc1ccc2[nH]cc([C@H]3CC[C@@H](NCC4COc5ccccc5O4)CC3)c2c1,Emax,'=',44.0,%,44.0,0,88
89,CHEMBL181784,407.53,COc1ccccc1N1CCN([C@H]2CC[C@@H](c3c[nH]c4ccc(F)cc43)CC2)CC1,Emax,'=',5.0,%,5.0,0,89
90,CHEMBL185494,408.55,C1=C(c2ccc3ccccc3c2)CC2CCC1N2CCCOc1cccc2[nH]ccc12,Emax,'=',81.0,%,81.0,1,90
91,CHEMBL185624,394.52,C1=C(c2ccc3ccccc3c2)CC2CCC1N2CCOc1cccc2[nH]ccc12,Emax,'=',25.0,%,25.0,0,91
92,CHEMBL186140,413.35,Clc1ccc(C2=CC3CCC(C2)N3CCOc2cccc3[nH]ccc23)cc1Cl,Emax,'=',5.0,%,5.0,0,92
93,CHEMBL186202,424.54,O[C@H](COc1cccc2[nH]ccc12)CN1C2C=C(c3ccc4ccccc4c3)CC1CC2,Emax,'=',0.0,%,0.0,0,93
94,CHEMBL187329,406.53,C1=C(c2ccc3ccccc3c2)CC2CCC1N2CCOc1cccc2ncccc12,Emax,'=',29.0,%,29.0,0,94
95,CHEMBL187745,406.53,C1=C(c2ccc3ccccc3c2)CC2CCC1N2CCOc1cccc2cccnc12,Emax,'=',95.0,%,95.0,1,95
96,CHEMBL18840,203.25,NCCc1c[nH]c2ccc(C(N)=O)cc12,Emax,'=',95.0,%,95.0,1,96
97,CHEMBL1926686,407.94,Cl.O=C1C2CCCN2C(=O)N1CCCCCNCC1CCc2ccccc2O1,Emax,'=',92.5,%,92.5,1,97
98,CHEMBL1926732,388.9,Cl.O=C1C2CCCN2C(=O)N1CCCCNCc1ccc2ccccc2n1,Emax,'=',75.8,%,75.8,1,98
99,CHEMBL1926733,393.92,Cl.O=C1C2CCCN2C(=O)N1CCCCNCC1CCc2ccccc2O1,Emax,'=',94.6,%,94.6,1,99
100,CHEMBL1926744,407.94,Cl.O=C1C2CCCCN2C(=O)N1CCCCNCC1CCc2ccccc2O1,Emax,'=',77.9,%,77.9,1,100
101,CHEMBL1926745,407.94,Cl.O=C1C2CCCN2C(=O)CN1CCCCNCC1CCc2ccccc2O1,Emax,'=',87.6,%,87.6,1,101
102,CHEMBL1926747,411.96,Cl.O=C1C2CCSN2C(=O)N1CCCCNCC1CCc2ccccc2O1,Emax,'=',94.5,%,94.5,1,102
103,CHEMBL1926748,411.96,Cl.O=C1C2CSCN2C(=O)N1CCCCNCC1CCc2ccccc2O1,Emax,'=',89.3,%,89.3,1,103
104,CHEMBL1926749,370.9,Cl.O=C1CSC(=O)N1CCCCNCC1CCc2ccccc2O1,Emax,'=',89.6,%,89.6,1,104
105,CHEMBL1926750,379.89,Cl.O=C1C2CCCN2C(=O)N1CCCNCC1CCc2ccccc2O1,Emax,'=',94.3,%,94.3,1,105
106,CHEMBL1926751,421.97,Cl.O=C1C2CCCN2C(=O)N1CCCCCCNCC1CCc2ccccc2O1,Emax,'=',91.2,%,91.2,1,106
107,CHEMBL1926758,384.93,Cl.O=C1CSC(=O)N1CCCCCNCC1CCc2ccccc2O1,Emax,'=',94.8,%,94.8,1,107
108,CHEMBL1926759,398.96,Cl.O=C1CSC(=O)N1CCCCCCNCC1CCc2ccccc2O1,Emax,'=',87.0,%,87.0,1,108
109,CHEMBL1926760,427.01,Cl.O=C1CSC(=O)N1CCCCCCCCNCC1CCc2ccccc2O1,Emax,'=',88.6,%,88.6,1,109
110,CHEMBL1926761,400.5,O=C1c2ccccc2S(=O)(=O)N1CCCCNCC1CCc2ccccc2O1,Emax,'=',94.8,%,94.8,1,110
111,CHEMBL193206,503.56,C[C@H](CN(C(=O)c1ccc([N+](=O)[O-])cc1)c1ccccn1)N1CCN(c2cccc3c2OCCO3)CC1,Emax,'=',0.0,%,0.0,0,111
112,CHEMBL1946777,520.58,COc1ccccc1N1CCN(CC2COC(c3ccccc3)(c3ccccc3)O2)CC1.O=C(O)C(=O)O,Emax,'=',16.2,%,16.2,0,112
113,CHEMBL1946779,493.56,COc1ccccc1OCCNCC1CCC(c2ccccc2)(c2ccccc2)O1.O=C(O)C(=O)O,Emax,'=',53.4,%,53.4,1,113
114,CHEMBL1946781,475.54,O=C(O)C(=O)O.O=C1C(CNCCOc2ccccc2)CCC1(c1ccccc1)c1ccccc1,Emax,'=',25.5,%,25.5,0,114
115,CHEMBL1946782,505.57,COc1ccccc1OCCNCC1CCC(c2ccccc2)(c2ccccc2)C1=O.O=C(O)C(=O)O,Emax,'=',39.4,%,39.4,0,115
116,CHEMBL1946784,477.56,O=C(O)C(=O)O.O[C@@H]1[C@H](CNCCOc2ccccc2)CCC1(c1ccccc1)c1ccccc1,Emax,'=',46.5,%,46.5,0,116
117,CHEMBL1946785,477.56,O=C(O)C(=O)O.O[C@@H]1[C@@H](CNCCOc2ccccc2)CCC1(c1ccccc1)c1ccccc1,Emax,'=',64.9,%,64.9,1,117
118,CHEMBL1946786,507.58,COc1ccccc1OCCNC[C@H]1CCC(c2ccccc2)(c2ccccc2)[C@@H]1O.O=C(O)C(=O)O,Emax,'=',64.1,%,64.1,1,118
119,CHEMBL1946787,532.64,COc1ccccc1N1CCN(C[C@H]2CCC(c3ccccc3)(c3ccccc3)[C@H]2O)CC1.O=C(O)C(=O)O,Emax,'=',47.1,%,47.1,0,119
120,CHEMBL1946788,532.64,COc1ccccc1N1CCN(C[C@H]2CCC(c3ccccc3)(c3ccccc3)[C@@H]2O)CC1.O=C(O)C(=O)O,Emax,'=',37.3,%,37.3,0,120
121,CHEMBL1956195,244.34,CC(Oc1ccccc1CC1CC1)C1=NCCN1,Emax,'=',75.0,%,75.0,1,121
122,CHEMBL196862,434.57,CN1CCc2c(sc3ncn(CCN4CCN(c5ccccc5C#N)CC4)c(=O)c23)C1,Emax,'=',10.0,%,10.0,0,122
123,CHEMBL196907,461.6,CN1CCc2c(sc3ncn(CCN4CCN(c5ncnc6ccccc56)CC4)c(=O)c23)C1,Emax,'<',10.0,%,10.0,0,123
124,CHEMBL196914,474.03,COc1c(Cl)cccc1N1CCN(CCn2cnc3sc4c(c3c2=O)CCN(C)C4)CC1,Emax,'=',10.0,%,10.0,0,124
125,CHEMBL196958,467.64,CC(C)Oc1ccccc1N1CCN(CCn2cnc3sc4c(c3c2=O)CCN(C)C4)CC1,Emax,'=',10.0,%,10.0,0,125
126,CHEMBL196962,474.03,COc1cc(Cl)ccc1N1CCN(CCn2cnc3sc4c(c3c2=O)CCN(C)C4)CC1,Emax,'=',10.0,%,10.0,0,126
127,CHEMBL197007,485.66,CN1CCc2c(sc3ncn(CCN4CCN(c5ccccc5-c5ccccc5)CC4)c(=O)c23)C1,Emax,'=',10.0,%,10.0,0,127
128,CHEMBL197011,469.61,COc1ccc(OC)c(N2CCN(CCn3cnc4sc5c(c4c3=O)CCN(C)C5)CC2)c1,Emax,'<',10.0,%,10.0,0,128
129,CHEMBL197064,453.61,COc1ccc(C)cc1N1CCN(CCn2cnc3sc4c(c3c2=O)CCN(C)C4)CC1,Emax,'=',10.0,%,10.0,0,129
130,CHEMBL197078,423.59,Cc1ccccc1N1CCN(CCn2cnc3sc4c(c3c2=O)CCN(C)C4)CC1,Emax,'<',10.0,%,10.0,0,130
131,CHEMBL197240,460.61,CN1CCc2c(sc3ncn(CCN4CCN(c5cccc6ncccc56)CC4)c(=O)c23)C1,Emax,'<',10.0,%,10.0,0,131
132,CHEMBL197338,508.48,COc1cc(Cl)c(Cl)cc1N1CCN(CCn2cnc3sc4c(c3c2=O)CCN(C)C4)CC1,Emax,'=',10.0,%,10.0,0,132
133,CHEMBL197344,465.65,CN1CCc2c(sc3ncn(CCN4CCN(c5cccc6ccsc56)CC4)c(=O)c23)C1,Emax,'=',10.0,%,10.0,0,133
134,CHEMBL197445,508.48,COc1c(Cl)cc(Cl)cc1N1CCN(CCn2cnc3sc4c(c3c2=O)CCN(C)C4)CC1,Emax,'>',70.0,%,70.0,1,134
135,CHEMBL198462,474.03,COc1ccc(Cl)cc1N1CCN(CCn2cnc3sc4c(c3c2=O)CCN(C)C4)CC1,Emax,'<',10.0,%,10.0,0,135
136,CHEMBL198463,460.61,CN1CCc2c(sc3ncn(CCN4CCN(c5ccnc6ccccc56)CC4)c(=O)c23)C1,Emax,'=',6.0,%,6.0,0,136
137,CHEMBL198696,444.0,CN1CCc2c(sc3ncn(CCN4CCN(c5ccccc5Cl)CC4)c(=O)c23)C1,Emax,'=',10.0,%,10.0,0,137
138,CHEMBL198792,501.66,CN1CCc2c(sc3ncn(CCN4CCN(c5ccccc5Oc5ccccc5)CC4)c(=O)c23)C1,Emax,'=',10.0,%,10.0,0,138
139,CHEMBL198836,459.62,CN1CCc2c(sc3ncn(CCN4CCN(c5cccc6ccccc56)CC4)c(=O)c23)C1,Emax,'=',10.0,%,10.0,0,139
140,CHEMBL198999,515.68,CN1CCc2c(sc3ncn(CCN4CCN(c5ccccc5OCc5ccccc5)CC4)c(=O)c23)C1,Emax,'=',10.0,%,10.0,0,140
141,CHEMBL199049,439.59,COc1ccccc1N1CCN(CCn2cnc3sc4c(c3c2=O)CCN(C)C4)CC1,Emax,'<',10.0,%,10.0,0,141
142,CHEMBL199269,460.61,CN1CCc2c(sc3ncn(CCN4CCN(c5cccc6cnccc56)CC4)c(=O)c23)C1,Emax,'=',10.0,%,10.0,0,142
143,CHEMBL199443,460.61,CN1CCc2c(sc3ncn(CCN4CCN(c5cccc6cccnc56)CC4)c(=O)c23)C1,Emax,'=',10.0,%,10.0,0,143
144,CHEMBL200315,451.6,CN1CCc2c(sc3ncn(CCN4CCN(c5cccc6c5OCC6)CC4)c(=O)c23)C1,Emax,'=',10.0,%,10.0,0,144
145,CHEMBL200950,489.65,COc1ccc2ccccc2c1N1CCN(CCn2cnc3sc4c(c3c2=O)CCN(C)C4)CC1,Emax,'=',10.0,%,10.0,0,145
146,CHEMBL200951,460.61,CN1CCc2c(sc3ncn(CCN4CCN(c5ccc6ccccc6n5)CC4)c(=O)c23)C1,Emax,'=',10.0,%,10.0,0,146
147,CHEMBL203018,407.49,COc1cccc2c1OC(CN1CC=C(c3c[nH]c4ccc(F)cc34)CC1)CN2C,Emax,'=',93.0,%,93.0,1,147
148,CHEMBL203067,321.42,CN1CC(CNCCc2c[nH]c3ccccc23)Oc2ccccc21,Emax,'=',95.0,%,95.0,1,148
149,CHEMBL203282,381.5,CC(C)CN1CC(CNCCc2c[nH]c3ccc(F)cc23)Oc2ccccc21,Emax,'=',88.0,%,88.0,1,149
150,CHEMBL203726,421.52,CCN1CC(CN2CC=C(c3c[nH]c4ccc(F)cc34)CC2)Oc2c(OC)cccc21,Emax,'=',54.0,%,54.0,1,150
151,CHEMBL204331,363.5,CC(C)N1CC(CNCCCc2c[nH]c3ccccc23)Oc2ccccc21,Emax,'=',88.0,%,88.0,1,151
152,CHEMBL205031,345.45,C1=C(c2c[nH]c3ccccc23)CCN(CC2CNc3ccccc3O2)C1,Emax,'=',62.0,%,62.0,1,152
153,CHEMBL206130,355.41,COc1cccc2c1OC(CNCCc1c[nH]c3ccc(F)cc13)CN2,Emax,'=',66.0,%,66.0,1,153
154,CHEMBL206644,353.44,CCN1CC(CNCCc2c[nH]c3ccc(F)cc23)Oc2ccccc21,Emax,'=',100.0,%,100.0,1,154
155,CHEMBL208605,427.5,CCN(CCCCc1c[nH]c2ccc(F)cc12)C1COc2c(F)ccc(C(N)=O)c2C1,Emax,'=',0.0,%,0.0,0,155
156,CHEMBL208773,439.51,NC(=O)c1ccc(F)c2c1C[C@@H](N(CCCc1c[nH]c3ccc(F)cc13)C1CCC1)CO2,Emax,'=',0.0,%,0.0,0,156
157,CHEMBL208774,439.51,NC(=O)c1ccc(F)c2c1C[C@H](N(CCCc1c[nH]c3ccc(F)cc13)C1CCC1)CO2,Emax,'=',0.0,%,0.0,0,157
158,CHEMBL2089155,244.34,C[C@@H](Oc1ccccc1CC1CC1)C1=NCCN1,Emax,'=',68.0,%,68.0,1,158
159,CHEMBL2089156,244.34,C[C@H](Oc1ccccc1CC1CC1)C1=NCCN1,Emax,'=',97.0,%,97.0,1,159
160,CHEMBL209262,382.48,CCN(CCCc1c[nH]c2ccc(F)cc12)C1COc2cccc(OC)c2C1,Emax,'=',96.0,%,96.0,1,160
161,CHEMBL209784,441.52,CCCN(CCCCc1c[nH]c2ccc(F)cc12)C1COc2c(F)ccc(C(N)=O)c2C1,Emax,'=',0.0,%,0.0,0,161
162,CHEMBL209802,439.51,NC(=O)c1ccc(F)c2c1C[C@@H](N(CCCc1c[nH]c3ccc(F)cc13)CC1CC1)CO2,Emax,'=',0.0,%,0.0,0,162
163,CHEMBL209821,450.65,CC(=O)Nc1cccc(N2CCN(CCCCNS(=O)(=O)CC3CCCCC3)CC2)c1,Emax,'=',6.6,%,6.6,0,163
164,CHEMBL210348,399.44,CCN(CCc1c[nH]c2ccc(F)cc12)C1COc2c(F)ccc(C(N)=O)c2C1,Emax,'=',0.0,%,0.0,0,164
165,CHEMBL210656,368.45,COc1cccc2c1CC(N(C)CCCc1c[nH]c3ccc(F)cc13)CO2,Emax,'=',91.0,%,91.0,1,165
166,CHEMBL210978,439.51,NC(=O)c1ccc(F)c2c1C[C@H](N(CCCc1c[nH]c3ccc(F)cc13)CC1CC1)CO2,Emax,'=',69.0,%,69.0,1,166
167,CHEMBL211215,413.47,CCN(CCCc1c[nH]c2ccc(F)cc12)[C@@H]1COc2c(F)ccc(C(N)=O)c2C1,Emax,'=',91.0,%,91.0,1,167
168,CHEMBL2112350,428.58,Cc1cc2c(OC[C@@H](O)CN3CC[C@@H](c4ccc5ccccc5c4)C[C@@H]3C)cccc2[nH]1,Emax,'=',9.0,%,9.0,0,168
169,CHEMBL2112352,418.54,Cc1cc2c(OC[C@@H](O)CN3CC[C@@H](c4cccc5occc45)C[C@@H]3C)cccc2[nH]1,Emax,'=',8.0,%,8.0,0,169
170,CHEMBL2112353,458.6,COc1cccc2ccc([C@@H]3CCN(C[C@H](O)COc4cccc5[nH]c(C)cc45)[C@@H](C)C3)cc12,Emax,'=',11.0,%,11.0,0,170
171,CHEMBL2112354,418.54,Cc1cc2c(OC[C@@H](O)CN3CC[C@@H](c4ccc5ccoc5c4)C[C@@H]3C)cccc2[nH]1,Emax,'=',6.0,%,6.0,0,171
172,CHEMBL2112355,448.63,Cc1cc2c(OC[C@@H](O)CN3CC[C@@H](c4ccc5c(C)csc5c4)C[C@@H]3C)cccc2[nH]1,Emax,'=',4.0,%,4.0,0,172
173,CHEMBL2112356,448.63,Cc1cc2c(OC[C@@H](O)CN3CC[C@@H](c4ccc5scc(C)c5c4)C[C@@H]3C)cccc2[nH]1,Emax,'=',8.0,%,8.0,0,173
174,CHEMBL2112357,434.61,Cc1cc2c(OC[C@@H](O)CN3CC[C@@H](c4cccc5ccsc45)C[C@@H]3C)cccc2[nH]1,Emax,'=',8.0,%,8.0,0,174
175,CHEMBL2112358,434.61,Cc1cc2c(OC[C@@H](O)CN3CC[C@@H](c4ccc5ccsc5c4)C[C@@H]3C)cccc2[nH]1,Emax,'=',12.0,%,12.0,0,175
176,CHEMBL2112774,326.44,COc1cccc(C2CCC(NCCOc3ccccn3)CC2)c1,Emax,'=',82.0,%,82.0,1,176
177,CHEMBL2112778,351.49,COc1cccc(C2CCC(N3CCN(c4ccccn4)CC3)CC2)c1,Emax,'=',95.9,%,95.9,1,177
178,CHEMBL2112779,380.53,COc1cccc(C2CCC(N3CCN(c4ccccc4OC)CC3)CC2)c1,Emax,'=',26.5,%,26.5,0,178
179,CHEMBL2113030,402.49,C1=C(c2c[nH]c3ccccc23)CC2CCC1N2CCOc1cccc2c1OCCO2,Emax,'=',65.0,%,65.0,1,179
180,CHEMBL211363,408.52,COc1cccc2c1C[C@@H](N(CCCc1c[nH]c3ccc(F)cc13)C1CCC1)CO2,Emax,'=',0.0,%,0.0,0,180
181,CHEMBL211393,413.47,CCN(CCCc1c[nH]c2ccc(F)cc12)[C@H]1COc2c(F)ccc(C(N)=O)c2C1,Emax,'=',0.0,%,0.0,0,181
182,CHEMBL211480,408.52,COc1cccc2c1CC(N(CCCc1c[nH]c3ccc(F)cc13)CC1CC1)CO2,Emax,'=',91.0,%,91.0,1,182
183,CHEMBL213639,413.47,CCCN(CCc1c[nH]c2ccc(F)cc12)C1COc2c(F)ccc(C(N)=O)c2C1,Emax,'=',0.0,%,0.0,0,183
184,CHEMBL213652,427.5,CCCN(CCCc1c[nH]c2ccc(F)cc12)C1COc2c(F)ccc(C(N)=O)c2C1,Emax,'=',81.0,%,81.0,1,184
185,CHEMBL213673,453.53,NC(=O)c1ccc(F)c2c1CC(N(CCCCc1c[nH]c3ccc(F)cc13)C1CCC1)CO2,Emax,'=',0.0,%,0.0,0,185
186,CHEMBL218166,385.47,O=c1[nH]c2cccc(N3CCN(Cc4cccc(-c5ccccc5)c4)CC3)c2o1,Emax,'=',60.8,%,60.8,1,186
187,CHEMBL218217,361.49,CC(C)Oc1ccccc1OCCNCc1cccc(-c2ccccc2)c1,Emax,'=',73.9,%,73.9,1,187
188,CHEMBL218261,363.5,CC1(C)Cc2cccc(OCCNCc3cccc(C4=CCCC4)c3)c2O1,Emax,'=',85.6,%,85.6,1,188
189,CHEMBL218313,361.49,C1=C(c2cccc(CNCCOc3cccc4c3OC3(CC3)C4)c2)CCC1,Emax,'=',93.8,%,93.8,1,189
190,CHEMBL219486,365.47,CC1(C)Oc2cccc(OCCNCc3cccc(C4=CCCC4)c3)c2O1,Emax,'=',90.6,%,90.6,1,190
191,CHEMBL220808,348.42,Fc1ccc(-c2cncc(CNC[C@H]3CCc4ccccc4O3)c2)cc1,Emax,'=',66.5,%,66.5,1,191
192,CHEMBL220809,351.49,CC(C)Oc1ccccc1OCCNCc1cccc(C2=CCCC2)c1,Emax,'=',54.0,%,54.0,1,192
193,CHEMBL221131,377.53,CCC1(C)Cc2cccc(OCCNCc3cccc(C4=CCCC4)c3)c2O1,Emax,'=',77.7,%,77.7,1,193
194,CHEMBL221183,363.5,CC1(C)COc2c(OCCNCc3cccc(C4=CCCC4)c3)cccc21,Emax,'=',72.4,%,72.4,1,194
195,CHEMBL221743,365.52,CC(C)Oc1ccccc1OCCNCc1cccc(C2=CCCCC2)c1,Emax,'=',69.8,%,69.8,1,195
196,CHEMBL221920,362.47,C1=C(c2cncc(CNCCOc3cccc4c3OC3(CC3)C4)c2)CCC1,Emax,'=',78.5,%,78.5,1,196
197,CHEMBL221957,379.54,CC(C)Oc1ccccc1OCCNCc1cccc(C2=CCCCCC2)c1,Emax,'=',86.5,%,86.5,1,197
198,CHEMBL2234448,346.47,COc1ccccc1N1CCN(CC2COC3(CCCCC3)O2)CC1,Emax,'=',48.0,%,48.0,0,198
199,CHEMBL230327,429.85,O=C(c1ccc(F)c(Cl)c1)N1CCC(F)(CNCc2ccc(C(F)F)cn2)CC1,Emax,'=',96.4,%,96.4,1,199
200,CHEMBL230425,409.86,O=C(c1ccc(F)c(Cl)c1)N1CCC(F)(CNCc2ccc(CO)cn2)CC1,Emax,'=',80.0,%,80.0,1,200
201,CHEMBL230961,394.85,Cc1ccc(CNCC2(F)CCN(C(=O)c3ccc(F)c(Cl)c3)CC2)nn1,Emax,'=',89.7,%,89.7,1,201
202,CHEMBL231068,390.41,O=c1[nH]c2ccccc2n1CCN1CCN(c2cccc(C(F)(F)F)c2)CC1,Emax,'=',72.0,%,72.0,1,202
203,CHEMBL2312225,449.55,COc1cccc(OC)c1OCCNCC1COCC(c2ccccc2)(c2ccccc2)O1,Emax,'=',106.3,%,106.3,1,203
204,CHEMBL2312226,449.55,COc1cccc(OC)c1OCCNC[C@H]1COCC(c2ccccc2)(c2ccccc2)O1,Emax,'=',103.6,%,103.6,1,204
205,CHEMBL2312227,419.52,COc1ccccc1OCCNCC1COCC(c2ccccc2)(c2ccccc2)O1,Emax,'=',81.5,%,81.5,1,205
206,CHEMBL2312536,419.52,COc1ccccc1OCCNC[C@H]1COCC(c2ccccc2)(c2ccccc2)O1,Emax,'=',61.9,%,61.9,1,206
207,CHEMBL2312538,389.5,c1ccc(OCCNC[C@H]2COCC(c3ccccc3)(c3ccccc3)O2)cc1,Emax,'=',66.0,%,66.0,1,207
208,CHEMBL231272,430.83,O=C(c1ccc(F)c(Cl)c1)N1CCC(F)(CNCc2ncc(C(F)F)cn2)CC1,Emax,'=',82.5,%,82.5,1,208
209,CHEMBL231273,415.27,O=C(c1ccc(F)c(Cl)c1)N1CCC(F)(CNCc2ncc(Cl)cn2)CC1,Emax,'=',76.0,%,76.0,1,209
210,CHEMBL231372,410.85,COc1ccnc(CNCC2(F)CCN(C(=O)c3ccc(F)c(Cl)c3)CC2)n1,Emax,'=',75.5,%,75.5,1,210
211,CHEMBL231373,409.87,CNc1ccnc(CNCC2(F)CCN(C(=O)c3ccc(F)c(Cl)c3)CC2)n1,Emax,'=',58.8,%,58.8,1,211
212,CHEMBL231471,446.88,O=C(c1ccc(F)c(Cl)c1)N1CCC(F)(CNCc2nccc(-c3ccco3)n2)CC1,Emax,'=',79.0,%,79.0,1,212
213,CHEMBL236518,302.42,OC(CCNC1CCCCC1)COc1cccc2[nH]ccc12,Emax,'=',45.6,%,45.6,0,213
214,CHEMBL2413154,373.46,COc1ccccc1N1CCN(CCCCn2ncc(=O)n(C)c2=O)CC1,Emax,'=',80.0,%,80.0,1,214
215,CHEMBL2431282,232.33,CCCc1ccccc1OC(C)C1=NCCN1,Emax,'=',118.0,%,118.0,1,215
216,CHEMBL285157,288.39,C1=C(c2c[nH]c3ccccc23)CCN(Cc2ccccc2)C1,Emax,'=',89.0,%,89.0,1,216
217,CHEMBL286003,495.53,COc1ccccc1OCCNCC1COC(c2ccccc2)(c2ccccc2)O1.O=C(O)C(=O)O,Emax,'=',31.6,%,31.6,0,217
218,CHEMBL293065,438.57,Cc1cc2c(OC[C@@H](O)CN3CCC(c4cc5cc(F)ccc5s4)CC3)cccc2[nH]1,Emax,'=',12.06,%,12.06,0,218
219,CHEMBL294880,434.61,Cc1cc2c(OC[C@@H](O)CN3CCC(c4cc5c(C)cccc5s4)CC3)cccc2[nH]1,Emax,'=',12.09,%,12.09,0,219
220,CHEMBL297742,438.57,Cc1cc2c(OC[C@@H](O)CN3CCC(c4cc5ccc(F)cc5s4)CC3)cccc2[nH]1,Emax,'=',12.61,%,12.61,0,220
221,CHEMBL300115,406.55,O[C@H](COc1cccc2[nH]ccc12)CN1CCC(c2cc3ccccc3s2)CC1,Emax,'=',12.26,%,12.26,0,221
222,CHEMBL300340,450.6,COc1cccc2sc(C3CCN(C[C@H](O)COc4cccc5[nH]c(C)cc45)CC3)cc12,Emax,'=',9.05,%,9.05,0,222
223,CHEMBL301272,422.55,Oc1cccc2cc(C3CCN(C[C@H](O)COc4cccc5[nH]ccc45)CC3)sc12,Emax,'=',12.52,%,12.52,0,223
224,CHEMBL301677,424.54,O[C@H](COc1cccc2[nH]ccc12)CN1CCC(c2cc3c(F)cccc3s2)CC1,Emax,'=',11.17,%,11.17,0,224
225,CHEMBL313023,434.61,Cc1cc2c(OC[C@H](O)CN3CC[C@@H](c4cccc5sccc45)C[C@@H]3C)cccc2[nH]1,Emax,'=',15.0,%,15.0,0,225
226,CHEMBL314163,434.61,Cc1cc2c(OC[C@H](O)CN3CC[C@@H](c4ccc5sccc5c4)C[C@@H]3C)cccc2[nH]1,Emax,'=',12.0,%,12.0,0,226
227,CHEMBL327227,406.55,O[C@@H](COc1cccc2[nH]ccc12)CN1CCC(c2cc3ccccc3s2)CC1,Emax,'=',12.0,%,12.0,0,227
228,CHEMBL329583,418.54,Cc1cc2c(OC[C@H](O)CN3CC[C@@H](c4ccc5occc5c4)C[C@@H]3C)cccc2[nH]1,Emax,'=',9.0,%,9.0,0,228
229,CHEMBL3330603,343.43,Cn1c(=O)cnn(CCCCN2CCN(c3ccccc3)CC2)c1=O,Emax,'=',93.0,%,93.0,1,229
230,CHEMBL3330612,344.42,Cn1c(=O)cnn(CCCCN2CCN(c3ccccn3)CC2)c1=O,Emax,'=',85.0,%,85.0,1,230
231,CHEMBL3330614,362.41,Cn1c(=O)cnn(CCCCN2CCN(c3ncccc3F)CC2)c1=O,Emax,'=',80.0,%,80.0,1,231
232,CHEMBL3330616,362.41,Cn1c(=O)cnn(CCCCN2CCN(c3cccc(F)n3)CC2)c1=O,Emax,'=',95.0,%,95.0,1,232
233,CHEMBL3341769,348.44,COc1ccccc1N1CCN(CC2COC3(CCOCC3)O2)CC1,Emax,'=',31.0,%,31.0,0,233
234,CHEMBL3342852,364.51,COc1ccccc1N1CCN(CC2COC3(CCSCC3)O2)CC1,Emax,'=',36.0,%,36.0,0,234
235,CHEMBL3342853,437.58,COc1ccccc1N1CCN(CC2COC3(CCN(Cc4ccccc4)CC3)O2)CC1,Emax,'=',45.0,%,45.0,0,235
236,CHEMBL3342854,380.51,COc1ccccc1N1CCN(CC2COC3(CC[S+]([O-])CC3)O2)CC1,Emax,'=',139.0,%,139.0,1,236
237,CHEMBL3342857,423.56,COc1ccccc1N1CCN(CC2COC3(CCN(c4ccccc4)CC3)O2)CC1,Emax,'=',42.0,%,42.0,0,237
238,CHEMBL3342858,424.55,COc1ccccc1N1CCN(CC2COC3(CCN(c4ccccn4)CC3)O2)CC1,Emax,'=',41.0,%,41.0,0,238
239,CHEMBL3342861,441.53,COc1ccccc1N1CCN(CC2COC3(CCN(C(=O)c4ccco4)CC3)O2)CC1,Emax,'=',33.0,%,33.0,0,239
240,CHEMBL3342862,457.62,COc1ccccc1N1CCN(CC2COC3(CCN(C(=O)C4CCCCC4)CC3)O2)CC1,Emax,'=',33.0,%,33.0,0,240
241,CHEMBL3342867,501.65,COc1ccccc1N1CCN(CC2COC3(CCN(S(=O)(=O)c4ccc(C)cc4)CC3)O2)CC1,Emax,'=',28.0,%,28.0,0,241
242,CHEMBL3342870,532.62,COc1ccccc1N1CCN(CC2COC3(CCN(S(=O)(=O)c4ccc([N+](=O)[O-])cc4)CC3)O2)CC1,Emax,'=',37.0,%,37.0,0,242
243,CHEMBL3342874,466.58,COc1ccccc1N1CCN(CC2COC3(CCN(C(=O)Nc4ccccc4)CC3)O2)CC1,Emax,'=',28.0,%,28.0,0,243
244,CHEMBL3342875,446.59,CCCCNC(=O)N1CCC2(CC1)OCC(CN1CCN(c3ccccc3OC)CC1)O2,Emax,'=',30.0,%,30.0,0,244
245,CHEMBL338298,464.63,COc1cccc2sc([C@H]3CCN(C[C@H](O)COc4cccc5[nH]c(C)cc45)[C@H](C)C3)cc12,Emax,'=',2.38,%,2.38,0,245
246,CHEMBL338632,452.6,Cc1cc2c(OC[C@@H](O)CN3CC[C@@H](c4cc5cccc(F)c5s4)C[C@@H]3C)cccc2[nH]1,Emax,'=',4.09,%,4.09,0,246
247,CHEMBL338777,465.62,COc1cccc2sc([C@H]3CCN(C[C@H](O)COc4cccc5oc(C)cc45)[C@H](C)C3)cc12,Emax,'=',6.49,%,6.49,0,247
248,CHEMBL339086,464.63,COc1ccc2cc([C@@H]3CCN(C[C@H](O)COc4cccc5[nH]c(C)cc45)[C@@H](C)C3)sc2c1,Emax,'=',3.21,%,3.21,0,248
249,CHEMBL339577,493.63,COc1cccc2sc([C@@H]3CCN(C[C@H](O)COc4cccc5[nH]c(C(N)=O)cc45)[C@H](C)C3)cc12,Emax,'=',7.21,%,7.21,0,249
250,CHEMBL340374,452.6,Cc1cc2c(OC[C@@H](O)CN3CC[C@H](c4cc5cccc(F)c5s4)C[C@H]3C)cccc2[nH]1,Emax,'=',6.35,%,6.35,0,250
251,CHEMBL344432,340.47,COc1cccc2c1CCCC2CCCNCCOc1ccccn1,Emax,'=',86.8,%,86.8,1,251
252,CHEMBL359495,416.54,Fc1ccc2[nH]cc([C@H]3CC[C@@H](N4CCN(c5cccc6[nH]ccc56)CC4)CC3)c2c1,Emax,'=',10.0,%,10.0,0,252
253,CHEMBL359505,382.48,COc1ccccc1OCCN[C@H]1CC[C@H](c2c[nH]c3ccc(F)cc32)CC1,Emax,'=',80.0,%,80.0,1,253
254,CHEMBL359549,391.49,Fc1ccc2[nH]cc([C@H]3CC[C@H](NCCOc4cccc5[nH]ccc45)CC3)c2c1,Emax,'=',59.0,%,59.0,1,254
255,CHEMBL360140,435.54,Fc1ccc2[nH]cc([C@H]3CC[C@@H](N4CCN(c5cccc6c5OCCO6)CC4)CC3)c2c1,Emax,'=',0.0,%,0.0,0,255
256,CHEMBL360637,383.5,C1=C(c2c[nH]c3ccccc23)CC2CCC1N2CCOc1cccc2[nH]ccc12,Emax,'=',0.0,%,0.0,0,256
257,CHEMBL361526,435.54,Fc1ccc2[nH]cc([C@H]3CC[C@H](N4CCN(c5cccc6c5OCCO6)CC4)CC3)c2c1,Emax,'=',57.0,%,57.0,1,257
258,CHEMBL361916,397.52,C1=C(c2c[nH]c3ccccc23)CC2CCC1N2CCCOc1cccc2[nH]ccc12,Emax,'=',14.0,%,14.0,0,258
259,CHEMBL362430,380.46,Fc1ccc2[nH]cc([C@H]3CC[C@H](NCC4COc5ccccc5O4)CC3)c2c1,Emax,'=',94.0,%,94.0,1,259
260,CHEMBL362823,410.49,Fc1ccc2[nH]cc([C@H]3CC[C@H](NCCOc4cccc5c4OCCO5)CC3)c2c1,Emax,'=',43.0,%,43.0,0,260
261,CHEMBL363700,408.55,Cn1ccc2c(OCCN3C4C=C(c5ccc6ccccc6c5)CC3CC4)cccc21,Emax,'=',100.0,%,100.0,1,261
262,CHEMBL366091,395.51,C1=C(c2cc3ccccc3[nH]2)CC2CCC1N2CCOc1cccc2ncccc12,Emax,'=',0.0,%,0.0,0,262
263,CHEMBL370110,460.61,CN1CCc2c(sc3ncn(CCN4CCN(c5cncc6ccccc56)CC4)c(=O)c23)C1,Emax,'=',4.0,%,4.0,0,263
264,CHEMBL371094,495.69,CN1CCc2c(sc3ncn(CCN4CCN(c5ccccc5OCC(C)(C)C)CC4)c(=O)c23)C1,Emax,'=',10.0,%,10.0,0,264
265,CHEMBL371149,493.01,C[C@H](CN(C(=O)c1ccc(Cl)cc1)c1ccccn1)N1CCN(c2cccc3c2OCCO3)CC1,Emax,'=',0.0,%,0.0,0,265
266,CHEMBL371221,460.61,CN1CCc2c(sc3ncn(CCN4CCN(c5nccc6ccccc56)CC4)c(=O)c23)C1,Emax,'=',10.0,%,10.0,0,266
267,CHEMBL372205,483.57,C[C@H](CN(C(=O)c1ccc(C#N)cc1)c1ccccn1)N1CCN(c2cccc3c2OCCO3)CC1,Emax,'=',0.0,%,0.0,0,267
268,CHEMBL3739897,465.5,O=C(O)C(=O)O.c1ccc(OCCNC[C@@H]2COC(c3ccccc3)(c3ccccc3)O2)cc1,Emax,'=',65.3,%,65.3,1,268
269,CHEMBL3739932,465.5,O=C(O)C(=O)O.c1ccc(OCCNC[C@H]2COC(c3ccccc3)(c3ccccc3)O2)cc1,Emax,'=',50.0,%,50.0,1,269
270,CHEMBL375297,351.45,C1=C(c2cccc(CNCCOc3cccc4c3OCCO4)c2)CCC1,Emax,'=',68.9,%,68.9,1,270
271,CHEMBL377941,339.41,CN1CC(CNCCc2c[nH]c3ccc(F)cc23)Oc2ccccc21,Emax,'=',80.0,%,80.0,1,271
272,CHEMBL37883,465.5,O=C(O)C(=O)O.c1ccc(OCCNCC2COC(c3ccccc3)(c3ccccc3)O2)cc1,Emax,'=',24.4,%,24.4,0,272
273,CHEMBL379298,425.48,NC(=O)c1ccc(F)c2c1CC(N(CCc1c[nH]c3ccc(F)cc13)CC1CC1)CO2,Emax,'=',0.0,%,0.0,0,273
274,CHEMBL380095,439.51,NC(=O)c1ccc(F)c2c1CC(N(CCCc1c[nH]c3ccc(F)cc13)C1CCC1)CO2,Emax,'=',0.0,%,0.0,0,274
275,CHEMBL380342,307.4,c1ccc2c(c1)NCC(CNCCc1c[nH]c3ccccc13)O2,Emax,'=',96.0,%,96.0,1,275
276,CHEMBL380401,385.41,NC(=O)c1ccc(F)c2c1C[C@@H](NCCCc1c[nH]c3ccc(F)cc13)CO2,Emax,'=',85.0,%,85.0,1,276
277,CHEMBL381542,411.55,c1ccc(CN2CC(CNCCCc3c[nH]c4ccccc34)Oc3ccccc32)cc1,Emax,'=',64.0,%,64.0,1,277
278,CHEMBL382179,349.48,CCCN1CC(CNCCc2c[nH]c3ccccc23)Oc2ccccc21,Emax,'=',100.0,%,100.0,1,278
279,CHEMBL382333,435.54,CCCN1CC(CN2CC=C(c3c[nH]c4ccc(F)cc34)CC2)Oc2c(OC)cccc21,Emax,'=',92.0,%,92.0,1,279
280,CHEMBL382857,373.86,CN1CC(CNCCc2c[nH]c3ccc(F)cc23)Oc2cc(Cl)ccc21,Emax,'=',64.0,%,64.0,1,280
281,CHEMBL38288,395.55,COc1ccccc1N1CCN(C[C@@H](C(=O)NC(C)(C)C)c2ccccc2)CC1,Emax,'=',0.5,%,0.5,0,281
282,CHEMBL383446,367.47,CC(C)N1CC(CNCCc2c[nH]c3ccc(F)cc23)Oc2ccccc21,Emax,'=',90.0,%,90.0,1,282
283,CHEMBL383688,393.46,COc1cccc2c1OC(CN1CC=C(c3c[nH]c4ccc(F)cc34)CC1)CN2,Emax,'=',35.0,%,35.0,0,283
284,CHEMBL384657,364.49,CC1(C)Cc2cccc(OCCNCc3cncc(C4=CCCC4)c3)c2O1,Emax,'=',72.4,%,72.4,1,284
285,CHEMBL385353,453.53,NC(=O)c1ccc(F)c2c1CC(N(CCCCc1c[nH]c3ccc(F)cc13)CC1CC1)CO2,Emax,'=',0.0,%,0.0,0,285
286,CHEMBL386988,367.51,CC(C)Oc1ccccc1OCCNCc1cccc(-c2ccsc2)c1,Emax,'=',47.7,%,47.7,0,286
287,CHEMBL391230,354.49,OC(CCNC12CC3CC(CC(C3)C1)C2)COc1cccc2[nH]ccc12,Emax,'=',51.8,%,51.8,1,287
288,CHEMBL3917316,323.53,c1ccc(OCCNCC2CSC3(CCCCC3)S2)cc1,Emax,'=',85.0,%,85.0,1,288
289,CHEMBL3929328,378.61,COc1ccccc1N1CCN(CC2CSC3(CCCCC3)S2)CC1,Emax,'=',37.0,%,37.0,0,289
290,CHEMBL3938383,353.55,COc1ccccc1OCCNCC1CSC2(CCCCC2)S1,Emax,'=',74.0,%,74.0,1,290
291,CHEMBL394530,411.86,O=C(c1ccc(F)c(Cl)c1)N1CCC(F)(CNCc2ccc(CF)cn2)CC1,Emax,'=',61.0,%,61.0,1,291
292,CHEMBL394606,423.89,CNc1nc(CNCC2(F)CCN(C(=O)c3ccc(F)c(Cl)c3)CC2)ncc1C,Emax,'=',64.1,%,64.1,1,292
293,CHEMBL394778,423.89,CN(C)c1ccnc(CNCC2(F)CCN(C(=O)c3ccc(F)c(Cl)c3)CC2)n1,Emax,'=',63.4,%,63.4,1,293
294,CHEMBL396062,444.31,CNc1nc(CNCC2(F)CCN(C(=O)c3ccc(F)c(Cl)c3)CC2)ncc1Cl,Emax,'=',71.8,%,71.8,1,294
295,CHEMBL4067083,434.49,O=[N+]([O-])c1ccccc1OCCNCC1COCC(c2ccccc2)(c2ccccc2)O1,Emax,'=',82.5,%,82.5,1,295
296,CHEMBL4070363,403.52,Cc1ccccc1OCCNCC1COCC(c2ccccc2)(c2ccccc2)O1,Emax,'=',59.7,%,59.7,1,296
297,CHEMBL4071929,449.55,COCOc1ccccc1OCCNCC1COCC(c2ccccc2)(c2ccccc2)O1,Emax,'=',62.8,%,62.8,1,297
298,CHEMBL4075507,423.94,Clc1ccccc1OCCNCC1COCC(c2ccccc2)(c2ccccc2)O1,Emax,'=',66.0,%,66.0,1,298
299,CHEMBL4082195,405.49,Oc1ccccc1OCCNCC1COCC(c2ccccc2)(c2ccccc2)O1,Emax,'=',65.6,%,65.6,1,299
300,CHEMBL4091168,390.48,c1ccc(C2(c3ccccc3)COCC(CNCCOc3ccccn3)O2)cc1,Emax,'=',63.9,%,63.9,1,300
301,CHEMBL410273,325.39,Fc1ccc2[nH]cc(CCNCC3CNc4ccccc4O3)c2c1,Emax,'=',100.0,%,100.0,1,301
302,CHEMBL4126092,503.43,CC(=O)c1c(OCCCCN2CCN(c3cccc(Cl)c3Cl)CC2)ccc2c(C)cc(=O)oc12,Emax,'=',1.5,%,1.5,0,302
303,CHEMBL4127564,452.53,CC(=O)c1c(OCCCCN2CCN(c3ccccc3F)CC2)ccc2c(C)cc(=O)oc12,Emax,'=',1.5,%,1.5,0,303
304,CHEMBL4128053,450.54,COc1cccc(N2CCN(CCCOc3ccc4c(C)cc(=O)oc4c3C(C)=O)CC2)c1,Emax,'=',1.5,%,1.5,0,304
305,CHEMBL4129173,464.56,COc1cccc(N2CCN(CCCCOc3ccc4c(C)cc(=O)oc4c3C(C)=O)CC2)c1,Emax,'=',1.5,%,1.5,0,305
306,CHEMBL4129293,445.52,CC(=O)c1c(OCCCN2CCN(c3ccccc3C#N)CC2)ccc2c(C)cc(=O)oc12,Emax,'=',1.5,%,1.5,0,306
307,CHEMBL4129562,438.5,CC(=O)c1c(OCCCN2CCN(c3ccccc3F)CC2)ccc2c(C)cc(=O)oc12,Emax,'=',2.5,%,2.5,0,307
308,CHEMBL4130132,459.55,CC(=O)c1c(OCCCCN2CCN(c3ccccc3C#N)CC2)ccc2c(C)cc(=O)oc12,Emax,'=',2.0,%,2.0,0,308
309,CHEMBL413777,353.51,CC(C)Oc1ccccc1OCCNCc1cccc(C2CCCC2)c1,Emax,'=',71.2,%,71.2,1,309
310,CHEMBL417782,438.57,Cc1cc2c(OC[C@@H](O)CN3CCC(c4cc5c(F)cccc5s4)CC3)cccc2[nH]1,Emax,'=',11.62,%,11.62,0,310
311,CHEMBL4205526,441.44,COc1ccc(N2CCN(CCCOc3c(C)cc(C)cc3C)CC2)cc1.Cl.Cl,Emax,'=',4.5,%,4.5,0,311
312,CHEMBL4209888,390.96,COc1ccccc1N1CCN(CCCOc2ccc(C)cc2C)CC1.Cl,Emax,'=',3.5,%,3.5,0,312
313,CHEMBL4212812,417.81,Cc1cc(OCCCN2CCN(c3ccccc3)CC2)ccc1Cl.Cl.Cl,Emax,'=',8.5,%,8.5,0,313
314,CHEMBL421328,462.62,COc1cccc2sc([C@@H]3C[C@H]4CC[C@@H](C3)N4C[C@H](O)COc3cccc4[nH]ccc34)cc12,Emax,'=',7.22,%,7.22,0,314
315,CHEMBL4213352,471.47,COc1ccccc1N1CCN(CCOCCOc2cc(C)cc(C)c2C)CC1.Cl.Cl,Emax,'=',4.5,%,4.5,0,315
316,CHEMBL421660,434.61,Cc1cc2c(OC[C@@H](O)CN3CC[C@@H](c4cc5ccccc5s4)C[C@@H]3C)cccc2[nH]1,Emax,'=',6.045,%,6.045,0,316
317,CHEMBL421950,411.5,COc1ccccc1[C@]1(O)C[C@H]2CC[C@@H](C1)N2C[C@H]1COc2cccc(OC)c2O1,Emax,'=',40.0,%,40.0,0,317
318,CHEMBL425833,414.28,O=C(c1ccc(F)c(Cl)c1)N1CCC(F)(CNCc2ccc(Cl)cn2)CC1,Emax,'=',80.4,%,80.4,1,318
319,CHEMBL425936,355.41,COc1ccc2c(c1)OC(CNCCc1c[nH]c3ccc(F)cc13)CN2,Emax,'=',56.0,%,56.0,1,319
320,CHEMBL426317,373.46,COc1cccc(N2CCN(CCCCn3ncc(=O)n(C)c3=O)CC2)c1,Emax,'=',95.0,%,95.0,1,320
321,CHEMBL427051,439.51,NC(=O)c1ccc(F)c2c1CC(N(CCCc1c[nH]c3ccc(F)cc13)CC1CC1)CO2,Emax,'=',0.0,%,0.0,0,321
322,CHEMBL434440,452.6,Cc1cc2c(OC[C@@H](O)CN3CC[C@@H](c4cc5ccc(F)cc5s4)C[C@@H]3C)cccc2[nH]1,Emax,'=',7.26,%,7.26,0,322
323,CHEMBL435111,526.56,C[C@H](CN(C(=O)c1ccc(C(F)(F)F)cc1)c1ccccn1)N1CCN(c2cccc3c2OCCO3)CC1,Emax,'=',0.0,%,0.0,0,323
324,CHEMBL435279,449.47,COc1cccc2c1O[C@@H](CN1[C@@H]3CC[C@H]1C[C@](O)(c1cccc(C(F)(F)F)c1)C3)CO2,Emax,'=',90.0,%,90.0,1,324
325,CHEMBL438619,460.61,CN1CCc2c(sc3ncn(CCN4CCN(c5cccc6ccncc56)CC4)c(=O)c23)C1,Emax,'=',10.0,%,10.0,0,325
326,CHEMBL440525,469.05,Cc1cc2c(OC[C@@H](O)CN3CC[C@@H](c4cc5cc(Cl)ccc5s4)C[C@@H]3C)cccc2[nH]1,Emax,'=',8.42,%,8.42,0,326
327,CHEMBL441316,443.37,O[C@H](COc1cccc2[nH]ccc12)CN1C2C=C(c3ccc(Cl)c(Cl)c3)CC1CC2,Emax,'=',0.0,%,0.0,0,327
328,CHEMBL441546,337.42,C1=C(c2cccc(CNCCOc3cccc4c3OCO4)c2)CCC1,Emax,'=',70.7,%,70.7,1,328
329,CHEMBL4439658,497.54,COc1ccccc1OCCNCC(CO)OC(c1ccccc1)c1ccccc1.O=C(O)C(=O)O,Emax,'=',90.2,%,90.2,1,329
330,CHEMBL4444133,389.5,c1ccc(OCCNCC2OCCOC2(c2ccccc2)c2ccccc2)cc1,Emax,'=',32.9,%,32.9,0,330
331,CHEMBL4458714,509.56,COc1ccccc1OCCNCCC1COC(c2ccccc2)(c2ccccc2)O1.O=C(O)C(=O)O,Emax,'=',22.1,%,22.1,0,331
332,CHEMBL4462600,437.49,O=C(O)C(=O)O.c1ccc(OCCNCCOC(c2ccccc2)c2ccccc2)cc1,Emax,'=',78.9,%,78.9,1,332
333,CHEMBL4465749,343.42,COc1ccccc1OCCNC[C@H]1OCCO[C@H]1c1ccccc1,Emax,'=',24.3,%,24.3,0,333
334,CHEMBL4465959,548.68,COc1ccc(/C=C2\NC(=O)N(CCCCN3CCN(c4ccccc4OC)CC3)C2=O)cc1OC1CCCC1,Emax,'=',4.5,%,4.5,0,334
335,CHEMBL4466677,444.58,COc1ccccc1N1CCN(CC2COCC(c3ccccc3)(c3ccccc3)O2)CC1,Emax,'=',39.3,%,39.3,0,335
336,CHEMBL4467585,509.56,COc1ccccc1OCCNCC1CCOC(c2ccccc2)(c2ccccc2)O1.O=C(O)C(=O)O,Emax,'=',65.9,%,65.9,1,336
337,CHEMBL4468507,467.52,COc1ccccc1OCCNCCOC(c1ccccc1)c1ccccc1.O=C(O)C(=O)O,Emax,'=',77.3,%,77.3,1,337
338,CHEMBL448891,341.41,COc1cc2c(cc1OC)[C@@H]1Cc3ccc(O)c(OC)c3CN1CC2,Emax,'=',156.4,%,156.4,1,338
339,CHEMBL452437,343.42,COc1ccccc1OCCNC[C@@H]1COC[C@H](c2ccccc2)O1,Emax,'=',78.1,%,78.1,1,339
340,CHEMBL45305,393.87,Cc1ccc(CNCC2(F)CCN(C(=O)c3ccc(F)c(Cl)c3)CC2)nc1,Emax,'=',74.7,%,74.7,1,340
341,CHEMBL4544457,479.53,O=C(O)C(=O)O.c1ccc(OCCNCC2COC(c3ccccc3)(c3ccccc3)OC2)cc1,Emax,'=',88.7,%,88.7,1,341
342,CHEMBL4551941,523.58,COc1ccccc1OCCNCC[C@H]1CO[C@H](C(c2ccccc2)c2ccccc2)O1.O=C(O)C(=O)O,Emax,'=',53.0,%,53.0,1,342
343,CHEMBL4552542,318.42,COc1cccc(CN2CC=C(c3c[nH]c4ccccc34)CC2)c1,Emax,'=',76.0,%,76.0,1,343
344,CHEMBL4554558,294.42,C1=C(c2c[nH]c3ccccc23)CCN(Cc2cccs2)C1,Emax,'=',67.0,%,67.0,1,344
345,CHEMBL4558985,467.52,O=C(O)C(=O)O.OCC(CNCCOc1ccccc1)OC(c1ccccc1)c1ccccc1,Emax,'=',69.5,%,69.5,1,345
346,CHEMBL456657,465.54,NC(=O)c1ccc(F)c2c1C[C@@H](N(CC1CC1)CC1CCc3[nH]c4ccc(F)cc4c3C1)CO2,Emax,'=',0.0,%,0.0,0,346
347,CHEMBL457750,441.52,CCCN(CCCc1c[nH]c2ccc(F)cc12)C1COc2c(F)ccc(C(=O)NC)c2C1,Emax,'=',48.0,%,48.0,0,347
348,CHEMBL457751,441.52,CCCN(CCCc1c[nH]c2ccc(F)cc12)[C@H]1COc2c(F)ccc(C(=O)NC)c2C1,Emax,'=',0.0,%,0.0,0,348
349,CHEMBL4579802,523.58,COc1ccccc1OCCNCC[C@@H]1CO[C@H](C(c2ccccc2)c2ccccc2)O1.O=C(O)C(=O)O,Emax,'=',82.1,%,82.1,1,349
350,CHEMBL4582160,479.53,O=C(O)C(=O)O.c1ccc(OCCNCC2CCOC(c3ccccc3)(c3ccccc3)O2)cc1,Emax,'=',79.5,%,79.5,1,350
351,CHEMBL4588223,509.56,COc1ccccc1OCCNCC1COC(c2ccccc2)(c2ccccc2)OC1.O=C(O)C(=O)O,Emax,'=',91.6,%,91.6,1,351
352,CHEMBL4591601,533.46,COc1ccc(/C=C2\NC(=O)N(CCCCN3CCN(c4cccc(Cl)c4Cl)CC3)C2=O)cc1OC,Emax,'=',13.5,%,13.5,0,352
353,CHEMBL4742122,409.86,O=C(c1ccc(F)c(Cl)c1)N1CCC(F)(CNCCOc2cccnc2)CC1,Emax,'=',99.5,%,99.5,1,353
354,CHEMBL4752177,482.38,CC(=O)Nc1cccc(OCCNCC2(F)CCN(C(=O)c3ccc(Cl)c(Cl)c3)CC2)c1,Emax,'=',96.66666666666669,%,96.66666666666669,1,354
355,CHEMBL4760271,426.87,O=C(c1ccc(F)c(Cl)c1)N1CCC(F)(CNCCOc2ccccc2F)CC1,Emax,'=',92.75,%,92.75,1,355
356,CHEMBL479986,427.57,Fc1ccc2[nH]cc([C@H]3CC[C@H](N4CCN(c5cccc6ccccc56)CC4)CC3)c2c1,Emax,'=',71.0,%,71.0,1,356
357,CHEMBL480932,435.58,N#Cc1ccc2[nH]cc([C@H]3CC[C@@H](N4CCN(c5cccc6ncccc56)CC4)CC3)c2c1,Emax,'=',0.0,%,0.0,0,357
358,CHEMBL481108,428.56,Fc1ccc2[nH]cc([C@H]3CC[C@@H](N4CCN(c5cccc6ncccc56)CC4)CC3)c2c1,Emax,'=',0.0,%,0.0,0,358
359,CHEMBL481109,428.56,Fc1ccc2[nH]cc([C@H]3CC[C@H](N4CCN(c5cccc6ncccc56)CC4)CC3)c2c1,Emax,'=',0.0,%,0.0,0,359
360,CHEMBL481113,436.56,N#Cc1ccc2[nH]cc([C@H]3CC[C@@H](N4CCN(c5cccc6nccnc56)CC4)CC3)c2c1,Emax,'=',0.0,%,0.0,0,360
361,CHEMBL481337,399.54,c1cc(N2CCN([C@H]3CC[C@H](c4c[nH]c5ccccc54)CC3)CC2)c2nc[nH]c2c1,Emax,'=',0.0,%,0.0,0,361
362,CHEMBL481523,413.57,Cc1nc2c(N3CCN([C@H]4CC[C@@H](c5c[nH]c6ccccc65)CC4)CC3)cccc2[nH]1,Emax,'=',0.0,%,0.0,0,362
363,CHEMBL481524,467.54,FC(F)(F)c1nc2c(N3CCN([C@H]4CC[C@@H](c5c[nH]c6ccccc65)CC4)CC3)cccc2[nH]1,Emax,'=',0.0,%,0.0,0,363
364,CHEMBL481747,428.56,Fc1ccc2[nH]cc([C@H]3CC[C@@H](N4CCN(c5cccc6cccnc56)CC4)CC3)c2c1,Emax,'=',20.0,%,20.0,0,364
365,CHEMBL481753,428.56,Fc1ccc2[nH]cc([C@H]3CC[C@H](N4CCN(c5cccc6cccnc56)CC4)CC3)c2c1,Emax,'=',66.0,%,66.0,1,365
366,CHEMBL481754,435.58,N#Cc1ccc2[nH]cc([C@H]3CC[C@@H](N4CCN(c5cccc6cccnc56)CC4)CC3)c2c1,Emax,'=',23.0,%,23.0,0,366
367,CHEMBL481914,435.58,N#Cc1ccc2[nH]cc([C@H]3CC[C@H](N4CCN(c5cccc6cccnc56)CC4)CC3)c2c1,Emax,'=',0.0,%,0.0,0,367
368,CHEMBL482266,427.57,Fc1ccc2[nH]cc([C@H]3CC[C@@H](N4CCN(c5cccc6ccccc56)CC4)CC3)c2c1,Emax,'=',34.0,%,34.0,0,368
369,CHEMBL483573,455.96,NC(=O)c1ccc(F)c2c1CC(N(CCCc1c[nH]c3ccc(Cl)cc13)C1CCC1)CO2,Emax,'=',0.0,%,0.0,0,369
370,CHEMBL483594,467.56,CCNC(=O)c1ccc(F)c2c1CC(N(CCCc1c[nH]c3ccc(F)cc13)C1CCC1)CO2,Emax,'=',0.0,%,0.0,0,370
371,CHEMBL484210,414.5,CCCN(CCCc1c[nH]c2ccc(F)cc12)C1COc2c(F)ccc(OC)c2C1,Emax,'=',79.5,%,79.5,1,371
372,CHEMBL484355,441.52,CCCN(CCCCn1ccc2cccc(F)c21)C1COc2c(F)ccc(C(N)=O)c2C1,Emax,'=',39.0,%,39.0,0,372
373,CHEMBL484537,453.53,NC(=O)c1ccc(F)c2c1CC(N(CCCCn1ccc3cccc(F)c31)CC1CC1)CO2,Emax,'=',31.0,%,31.0,0,373
374,CHEMBL484540,521.65,O=C(NC1CCCCC1)c1ccc(F)c2c1CC(N(CCCc1c[nH]c3ccc(F)cc13)C1CCC1)CO2,Emax,'=',0.0,%,0.0,0,374
375,CHEMBL484541,493.6,O=C(NCC1CC1)c1ccc(F)c2c1CC(N(CCCc1c[nH]c3ccc(F)cc13)C1CCC1)CO2,Emax,'=',0.0,%,0.0,0,375
376,CHEMBL484572,455.96,NC(=O)c1ccc(Cl)c2c1CC(N(CCCc1c[nH]c3ccc(F)cc13)C1CCC1)CO2,Emax,'=',0.0,%,0.0,0,376
377,CHEMBL484581,451.54,COc1ccc2[nH]cc(CCCN(C3CCC3)C3COc4c(F)ccc(C(N)=O)c4C3)c2c1,Emax,'=',84.0,%,84.0,1,377
378,CHEMBL484747,457.98,Cl.NC(=O)c1cccc2c1CC(N(CCCc1c[nH]c3ccc(F)cc13)C1CCC1)CO2,Emax,'=',30.0,%,30.0,0,378
379,CHEMBL484947,481.59,CCCNC(=O)c1ccc(F)c2c1CC(N(CCCc1c[nH]c3ccc(F)cc13)C1CCC1)CO2,Emax,'=',0.0,%,0.0,0,379
380,CHEMBL484948,481.59,CC(C)NC(=O)c1ccc(F)c2c1CC(N(CCCc1c[nH]c3ccc(F)cc13)C1CCC1)CO2,Emax,'=',0.0,%,0.0,0,380
381,CHEMBL485228,446.53,N#Cc1ccc2[nH]cc(CCCN(C3CCC3)C3COc4c(F)ccc(C(N)=O)c4C3)c2c1,Emax,'=',0.0,%,0.0,0,381
382,CHEMBL485381,453.53,NC(=O)c1ccc(F)c2c1CC(N(CCCCn1ccc3c(F)cccc31)CC1CC1)CO2,Emax,'=',0.0,%,0.0,0,382
383,CHEMBL485385,479.57,O=C(NC1CC1)c1ccc(F)c2c1CC(N(CCCc1c[nH]c3ccc(F)cc13)C1CCC1)CO2,Emax,'=',0.0,%,0.0,0,383
384,CHEMBL485397,453.53,NC(=O)c1ccc(F)c2c1CC(N(CCCCn1ccc3cc(F)ccc31)C1CCC1)CO2,Emax,'=',0.0,%,0.0,0,384
385,CHEMBL485398,453.53,NC(=O)c1ccc(F)c2c1CC(N(CCCCn1ccc3ccc(F)cc31)C1CCC1)CO2,Emax,'=',0.0,%,0.0,0,385
386,CHEMBL485406,414.5,CCCN(CCCc1c[nH]c2ccc(F)cc12)[C@H]1COc2c(F)ccc(OC)c2C1,Emax,'=',88.0,%,88.0,1,386
387,CHEMBL485407,411.45,NC(=O)c1ccc(F)c2c1C[C@@H](NCC1CCc3[nH]c4ccc(F)cc4c3C1)CO2,Emax,'=',0.0,%,0.0,0,387
388,CHEMBL485433,453.53,CNC(=O)c1ccc(F)c2c1CC(N(CCCc1c[nH]c3ccc(F)cc13)C1CCC1)CO2,Emax,'=',0.0,%,0.0,0,388
389,CHEMBL485434,453.53,CNC(=O)c1ccc(F)c2c1C[C@@H](N(CCCc1c[nH]c3ccc(F)cc13)C1CCC1)CO2,Emax,'=',0.0,%,0.0,0,389
390,CHEMBL485579,453.53,CCCN(CC1CCc2[nH]c3ccc(F)cc3c2C1)[C@H]1COc2c(F)ccc(C(N)=O)c2C1,Emax,'=',0.0,%,0.0,0,390
391,CHEMBL485624,455.96,NC(=O)c1ccc(F)c2c1CC(N(CCCc1c[nH]c3c(Cl)cccc13)C1CCC1)CO2,Emax,'=',0.0,%,0.0,0,391
392,CHEMBL485625,457.5,NC(=O)c1ccc(F)c2c1CC(N(CCCc1c[nH]c3c(F)cc(F)cc13)C1CCC1)CO2,Emax,'=',0.0,%,0.0,0,392
393,CHEMBL4862770,428.96,COc1ccc(Cl)cc1[C@H]1C[C@@H]1CNCCCCOc1ccc2c(c1)NC(=O)CC2,Emax,'=',38.0,%,38.0,0,393
394,CHEMBL4862890,410.49,COc1ccc(F)cc1[C@H]1C[C@@H]1CNCCCCOc1ccc2ccc(=O)[nH]c2c1,Emax,'=',58.0,%,58.0,1,394
395,CHEMBL4863832,396.46,COc1ccc(F)cc1[C@H]1C[C@@H]1CNCCCOc1ccc2ccc(=O)[nH]c2c1,Emax,'=',49.0,%,49.0,0,395
396,CHEMBL4875081,412.92,COc1ccc(Cl)cc1[C@H]1C[C@@H]1CNCCCOc1ccc2ccc(=O)[nH]c2c1,Emax,'=',45.0,%,45.0,0,396
397,CHEMBL493037,398.55,c1cc(N2CCN([C@H]3CC[C@@H](c4c[nH]c5ccccc54)CC3)CC2)c2cc[nH]c2c1,Emax,'=',0.0,%,0.0,0,397
398,CHEMBL493285,389.5,c1ccc(OCCNC[C@@H]2COCC(c3ccccc3)(c3ccccc3)O2)cc1,Emax,'=',72.7,%,72.7,1,398
399,CHEMBL493486,419.52,COc1ccccc1OCCNC[C@@H]1COCC(c2ccccc2)(c2ccccc2)O1,Emax,'=',66.6,%,66.6,1,399
400,CHEMBL493697,449.55,COc1cccc(OC)c1OCCNC[C@@H]1COCC(c2ccccc2)(c2ccccc2)O1,Emax,'=',119.5,%,119.5,1,400
401,CHEMBL494276,423.56,N#Cc1ccc2[nH]cc([C@H]3CC[C@@H](N4CCN(c5cccc6[nH]ccc56)CC4)CC3)c2c1,Emax,'=',0.0,%,0.0,0,401
402,CHEMBL494483,423.56,N#Cc1ccc2[nH]cc([C@H]3CC[C@H](N4CCN(c5cccc6[nH]ccc56)CC4)CC3)c2c1,Emax,'=',11.0,%,11.0,0,402
403,CHEMBL495095,230.31,C=CCc1ccccc1OC(C)C1=NCCN1,Emax,'=',67.0,%,67.0,1,403
404,CHEMBL513966,414.5,CCCN(CCCc1c[nH]c2ccc(F)cc12)[C@@H]1COc2c(F)ccc(OC)c2C1,Emax,'=',94.0,%,94.0,1,404
405,CHEMBL516158,409.51,CCCN(CCCc1c[nH]c2ccc(F)cc12)[C@H]1COc2cccc(C(N)=O)c2C1,Emax,'=',74.0,%,74.0,1,405
406,CHEMBL517996,399.54,c1cc(N2CCN([C@H]3CC[C@@H](c4c[nH]c5ccccc54)CC3)CC2)c2nc[nH]c2c1,Emax,'=',0.0,%,0.0,0,406
407,CHEMBL518946,436.56,N#Cc1ccc2[nH]cc([C@H]3CC[C@H](N4CCN(c5cccc6nccnc56)CC4)CC3)c2c1,Emax,'=',11.0,%,11.0,0,407
408,CHEMBL519325,453.53,NC(=O)c1ccc(F)c2c1CC(N(CCCCn1ccc3cccc(F)c31)C1CCC1)CO2,Emax,'=',0.0,%,0.0,0,408
409,CHEMBL519514,453.53,NC(=O)c1ccc(F)c2c1CC(N(CCCCn1ccc3ccc(F)cc31)CC1CC1)CO2,Emax,'=',0.0,%,0.0,0,409
410,CHEMBL519616,413.57,Cc1nc2c(N3CCN([C@H]4CC[C@H](c5c[nH]c6ccccc65)CC4)CC3)cccc2[nH]1,Emax,'=',0.0,%,0.0,0,410
411,CHEMBL519679,493.6,O=C(NC1CCC1)c1ccc(F)c2c1CC(N(CCCc1c[nH]c3ccc(F)cc13)C1CCC1)CO2,Emax,'=',0.0,%,0.0,0,411
412,CHEMBL520265,467.54,FC(F)(F)c1nc2c(N3CCN([C@H]4CC[C@H](c5c[nH]c6ccccc65)CC4)CC3)cccc2[nH]1,Emax,'=',29.0,%,29.0,0,412
413,CHEMBL520661,439.51,NC(=O)c1ccc(F)c2c1CC(N(CCCc1c[nH]c3cc(F)ccc13)C1CCC1)CO2,Emax,'=',0.0,%,0.0,0,413
414,CHEMBL520753,435.58,N#Cc1ccc2[nH]cc([C@H]3CC[C@H](N4CCN(c5cccc6ncccc56)CC4)CC3)c2c1,Emax,'=',3.0,%,3.0,0,414
415,CHEMBL520994,441.52,CCCN(CCCCn1ccc2ccc(F)cc21)C1COc2c(F)ccc(C(N)=O)c2C1,Emax,'=',40.0,%,40.0,0,415
416,CHEMBL521303,440.49,O=C(O)c1ccc(F)c2c1CC(N(CCCc1c[nH]c3ccc(F)cc13)C1CCC1)CO2,Emax,'=',0.0,%,0.0,0,416
417,CHEMBL521341,467.56,CN(C)C(=O)c1ccc(F)c2c1CC(N(CCCc1c[nH]c3ccc(F)cc13)C1CCC1)CO2,Emax,'=',0.0,%,0.0,0,417
418,CHEMBL521510,451.54,COc1cccc2c(CCCN(C3CCC3)C3COc4c(F)ccc(C(N)=O)c4C3)c[nH]c12,Emax,'=',0.0,%,0.0,0,418
419,CHEMBL521665,343.42,COc1ccccc1OCCNC[C@@H]1CO[C@H](c2ccccc2)CO1,Emax,'=',85.5,%,85.5,1,419
420,CHEMBL522671,416.54,Fc1ccc2c(c1)[nH]cc2[C@H]1CC[C@@H](N2CCN(c3cccc4[nH]ccc34)CC2)CC1,Emax,'=',0.0,%,0.0,0,420
421,CHEMBL537403,531.96,COc1ccccc1N1CCN(CCN(C(=O)C2CCCCC2)c2ccccn2)CC1.Cl.Cl.Cl,Emax,'=',0.0,%,0.0,0,421
422,CHEMBL56147,424.54,O[C@H](COc1cccc2[nH]ccc12)CN1CCC(c2cc3cc(F)ccc3s2)CC1,Emax,'=',13.23,%,13.23,0,422
423,CHEMBL56156,420.58,Cc1cccc2sc(C3CCN(C[C@H](O)COc4cccc5[nH]ccc45)CC3)cc12,Emax,'=',16.99,%,16.99,0,423
424,CHEMBL56303,441.0,O[C@H](COc1cccc2[nH]ccc12)CN1CCC(c2cc3cc(Cl)ccc3s2)CC1,Emax,'=',10.97,%,10.97,0,424
425,CHEMBL56601,424.54,O[C@H](COc1cccc2[nH]ccc12)CN1CCC(c2cc3ccc(F)cc3s2)CC1,Emax,'=',11.65,%,11.65,0,425
426,CHEMBL56795,436.58,COc1cccc2sc(C3CCN(C[C@H](O)COc4cccc5[nH]ccc45)CC3)cc12,Emax,'=',7.47,%,7.47,0,426
427,CHEMBL57277,436.58,COc1ccc2cc(C3CCN(C[C@H](O)COc4cccc5[nH]ccc45)CC3)sc2c1,Emax,'=',4.92,%,4.92,0,427
428,CHEMBL57385,436.58,COc1cccc2cc(C3CCN(C[C@H](O)COc4cccc5[nH]ccc45)CC3)sc12,Emax,'=',9.32,%,9.32,0,428
429,CHEMBL574004,289.32,Fc1cccc(Oc2cccc(F)c2C2CCNCC2)c1,Emax,'=',74.0,%,74.0,1,429
430,CHEMBL574700,610.8,COc1ccccc1N1CCN(CCCc2cn(CCCN3CCc4cc(O)c(O)cc4C(c4ccccc4C)C3)nn2)CC1,Emax,'=',125.0,%,125.0,1,430
431,CHEMBL582945,624.83,COc1ccccc1N1CCN(CCCn2cc(CCCCN3CCc4cc(O)c(O)cc4C(c4cccc(C)c4)C3)nn2)CC1,Emax,'=',136.0,%,136.0,1,431
432,CHEMBL583751,271.33,Fc1cccc(C2CCNCC2)c1Oc1ccccc1,Emax,'=',35.0,%,35.0,0,432
433,CHEMBL583752,271.33,Fc1cccc(Oc2ccccc2C2CCNCC2)c1,Emax,'=',51.0,%,51.0,1,433
434,CHEMBL589141,447.55,O=C1NCc2ccc3c(c21)CC(N(CCCCc1c[nH]c2ccc(F)cc12)CC1CC1)CO3,Emax,'=',87.0,%,87.0,1,434
435,CHEMBL592028,393.46,CN(CCCc1c[nH]c2ccc(F)cc12)C1COc2ccc3c(c2C1)C(=O)NC3,Emax,'=',80.0,%,80.0,1,435
436,CHEMBL592029,407.49,CCN(CCCc1c[nH]c2ccc(F)cc12)C1COc2ccc3c(c2C1)C(=O)NC3,Emax,'=',78.0,%,78.0,1,436
437,CHEMBL592939,465.54,O=C1NCCc2cc(F)c3c(c21)CC(N(CCCc1c[nH]c2ccc(F)cc12)CC1CC1)CO3,Emax,'=',62.0,%,62.0,1,437
438,CHEMBL592951,435.54,CC(C)N(CCCc1c[nH]c2ccc(F)cc12)C1COc2ccc3c(c2C1)C(=O)NCC3,Emax,'=',94.0,%,94.0,1,438
439,CHEMBL592953,435.54,CCCN(CCCc1c[nH]c2ccc(F)cc12)C1COc2ccc3c(c2C1)C(=O)NCC3,Emax,'=',100.0,%,100.0,1,439
440,CHEMBL593281,483.54,O=C1NCc2ccc3c(c21)CC(N(CCCc1c[nH]c2ccc(F)cc12)C(=O)c1ccccc1)CO3,Emax,'=',96.0,%,96.0,1,440
441,CHEMBL593865,447.55,O=C1NCCc2ccc3c(c21)CC(N(CCCc1c[nH]c2ccc(F)cc12)CC1CC1)CO3,Emax,'=',91.0,%,91.0,1,441
442,CHEMBL594357,447.55,O=C1NCCc2ccc3c(c21)CC(N(CCCc1c[nH]c2ccc(F)cc12)C1CCC1)CO3,Emax,'=',77.0,%,77.0,1,442
443,CHEMBL59437,448.63,Cc1cc(C)c2cc(C3CCN(C[C@H](O)COc4cccc5[nH]c(C)cc45)CC3)sc2c1,Emax,'=',13.38,%,13.38,0,443
444,CHEMBL594788,421.52,CCN(CCCc1c[nH]c2ccc(F)cc12)C1COc2ccc3c(c2C1)C(=O)NCC3,Emax,'=',97.0,%,97.0,1,444
445,CHEMBL594829,379.44,O=C1NCc2ccc3c(c21)CC(NCCCc1c[nH]c2ccc(F)cc12)CO3,Emax,'=',100.0,%,100.0,1,445
446,CHEMBL595055,439.51,CCN(CCCc1c[nH]c2ccc(F)cc12)C1COc2c(F)cc3c(c2C1)C(=O)NCC3,Emax,'=',92.0,%,92.0,1,446
447,CHEMBL595622,393.46,O=C1NCc2ccc3c(c21)CC(NCCCCc1c[nH]c2ccc(F)cc12)CO3,Emax,'=',96.0,%,96.0,1,447
448,CHEMBL595744,411.45,O=C1NCCc2cc(F)c3c(c21)CC(NCCCc1c[nH]c2ccc(F)cc12)CO3,Emax,'=',98.0,%,98.0,1,448
449,CHEMBL596885,289.38,C#CCOc1cccc2c1-c1cccc3c1[C@@H](C2)N(C)CC3,Emax,'=',73.0,%,73.0,1,449
450,CHEMBL597094,291.39,C[C@@H]1Cc2ccc3c(c2O1)-c1cccc2c1[C@@H](C3)N(C)CC2,Emax,'=',127.0,%,127.0,1,450
451,CHEMBL604063,407.49,CN(CCCc1c[nH]c2ccc(F)cc12)C1COc2ccc3c(c2C1)C(=O)NCC3,Emax,'=',99.0,%,99.0,1,451
452,CHEMBL604513,390.46,COc1cccc2c(CCN3CC=C(c4c[nH]c5cc(F)ccc45)CC3)coc12,Emax,'=',100.0,%,100.0,1,452
453,CHEMBL606149,393.46,O=C1NCCc2ccc3c(c21)CC(NCCCc1c[nH]c2ccc(F)cc12)CO3,Emax,'=',87.0,%,87.0,1,453
454,CHEMBL606864,386.46,N#Cc1ccc2[nH]cc(CCCNC3COc4ccc5c(c4C3)C(=O)NC5)c2c1,Emax,'=',91.0,%,91.0,1,454
455,CHEMBL60748,420.58,Cc1ccc2cc(C3CCN(C[C@H](O)COc4cccc5[nH]ccc45)CC3)sc2c1,Emax,'=',13.85,%,13.85,0,455
456,CHEMBL608728,291.39,C=CCOc1cccc2c1-c1cccc3c1[C@@H](C2)N(C)CC3,Emax,'=',61.0,%,61.0,1,456
457,CHEMBL8618,393.49,COc1ccccc1N1CCN(CCCCN2C(=O)c3ccccc3C2=O)CC1,Emax,'=',1.6666666666666667,%,1.6666666666666667,0,457
